<?xml version="1.0" encoding="UTF-8"?>
<addon id="plugin.video.samscollectionmanager"
       name="Sam's Collection Manager"
       version="1.1.4"
       provider-name="SamDW96">
  <requires>
    <import addon="xbmc.python" version="3.0.0"/>
    <import addon="plugin.video.themoviedb.helper" version="6.9.11"/>
  </requires>
  <extension point="xbmc.python.pluginsource" library="default.py">
    <provides>video</provides>
  </extension>
  <extension point="xbmc.addon.metadata">
    <summary lang="en">Manage TMDbHelper collections via separate JSON files</summary>
    <description lang="en">A fast, JSON-based collection manager for TMDbHelper with custom artwork support.</description>
    <platform>all</platform>
    <license>GPL-2.0-or-later</license>
  </extension>
</addon>






