<?xml version="1.0" encoding="UTF-8" standalone="yes"?>
<addon id="repository.samdw96" name="SamDW96 Kodi Repository" version="1.0.0" provider-name="SamDW96">
    <extension point="xbmc.addon.repository" name="SamDW96 Kodi Repository">
        <dir>
            <info compressed="false">https://raw.githubusercontent.com/SamDW96/repository.samdw96/main/addons.xml</info>
            <checksum>https://raw.githubusercontent.com/SamDW96/repository.samdw96/main/addons.xml.md5</checksum>
            <datadir zip="true">https://raw.githubusercontent.com/SamDW96/repository.samdw96/main/zips/</datadir>
        </dir>
    </extension>
    <extension point="xbmc.addon.metadata">
        <summary>Repository for SamDW96 addons</summary>
        <description>Repository for SamDW96 addons</description>
        <platform>all</platform>
        <assets>
            </assets>
    </extension>
</addon>