<?xml version="1.0" encoding="UTF-8"?>
<addon id="plugin.video.samscollectionmanager"
       name="Sam's Collection Manager"
       version="1.1.1"
       provider-name="SamDW96">
  <requires>
    <import addon="xbmc.python" version="3.0.0"/>
    <import addon="plugin.video.themoviedb.helper" version="6.9.11"/>
  </requires>
  <extension point="xbmc.python.pluginsource" library="default.py">
    <provides>video</provides>
  </extension>
  <extension point="xbmc.addon.metadata">
    <summary lang="en">Manage TMDbHelper collections via separate JSON files</summary>
    <description lang="en">
      Reads individual JSON collection files (one per collection) from addon_data,
      caches them for speed (and prunes deleted files), and displays folders with
      custom plot, thumb, fanart, clearlogo—and full TMDb Helper integration.
    </description>
    <platform>all</platform>
    <license>GPL-2.0-or-later</license>
  </extension>
</addon>




