{
  "name": "Example Movie Collections Schema",
  "description": "This example file showcases every supported option. Copy it to your Kodi userdata folder under addon_data/plugin.video.samscollectionmanager/collections and edit fields to configure your own collections.",
  "exclude_unreleased": true,
  "tmdb_type": "movie",
  "list": [
    {
      "title": "Minimal Example",
      "trakt_url": "https://trakt.tv/users/username/lists/minimal-example",
      "icon": "/path/to/icon1.jpg",
      "fanart": "/path/to/fanart1.jpg",
      "clearlogo": "/path/to/clearlogo1.png",
      "plot": "Uses only the required title and trakt_url fields."
    },
    {
      "title": "Sorted and Custom Category",
      "trakt_url": "https://trakt.tv/users/username/lists/sorted-example",
      "plugin_category": "Custom Category Name",
      "sort_by": "popularity",
      "sort_how": "asc",
      "icon": "/path/to/icon2.jpg",
      "fanart": "/path/to/fanart2.jpg",
      "clearlogo": "/path/to/clearlogo2.png",
      "plot": "Overrides the default plugin_category and applies custom sorting."
    },
    {
      "title": "Full Path Override",
      "path": "plugin://plugin.video.themoviedb.helper/?info=trakt_userlist&user_slug=username&list_slug=override-list&plugin_category=Override%20List&tmdb_type=tv&sort_by=released&sort_how=asc&extended=full&exclude_key=premiered&exclude_value=$DAYS[0]&exclude_operator=gt",
      "icon": "/path/to/icon3.jpg",
      "fanart": "/path/to/fanart3.jpg",
      "clearlogo": "/path/to/clearlogo3.png",
      "plot": "Demonstrates complete path override, bypassing trakt_url and builder logic."
    },
    {
      "title": "TV Shows Only",
      "trakt_url": "https://trakt.tv/users/username/lists/tv-shows-list",
      "tmdb_type": "tv",
      "icon": "/path/to/icon4.jpg",
      "fanart": "/path/to/fanart4.jpg",
      "clearlogo": "/path/to/clearlogo4.png",
      "plot": "Overrides the global tmdb_type to fetch TV shows instead of movies."
    },
    {
      "title": "Include Unreleased",
      "trakt_url": "https://trakt.tv/users/username/lists/all-items",
      "exclude_unreleased": false,
      "icon": "/path/to/icon5.jpg",
      "fanart": "/path/to/fanart5.jpg",
      "clearlogo": "/path/to/clearlogo5.png",
      "plot": "Disables the global exclude_unreleased flag to include all items."
    },
    {
      "title": "MDBlist Numeric Format",
      "mdblist_url": "https://mdblist.com/?list=12345",
      "icon": "/path/to/icon6.jpg",
      "fanart": "/path/to/fanart6.jpg",
      "clearlogo": "/path/to/clearlogo6.png",
      "plot": "Uses MDBlist with numeric list ID format."
    },
    {
      "title": "MDBlist Pretty Format",
      "mdblist_url": "https://mdblist.com/lists/username/list-slug",
      "sort_by": "popularity",
      "sort_how": "desc",
      "icon": "/path/to/icon7.jpg",
      "fanart": "/path/to/fanart7.jpg",
      "clearlogo": "/path/to/clearlogo7.png",
      "plot": "Uses MDBlist with pretty URL format (automatically resolved to numeric ID)."
    }
  ]
}
